headword,pos,CEFR,CoreInventory_1,CoreInventory_2,Threshold,
broaden,verb,C2,,,,
circulate,verb,C2,,,,
consolidate,verb,C2,,,,
converge,verb,C2,,,,
disperse,verb,C2,,,,
harmonize,verb,C2,,,,
acquisition,noun,B2,,,,
actual,adjective,B2,,,,
acute,adjective,B2,,,,
adequate,adjective,B2,,,,
advance,noun,B2,,,,
adverse,adjective,B2,,,,
aim,verb,B2,,,,
alphabetical,adjective,B2,,,,
alter,verb,B2,,,,
ambiguous,adjective,B2,,,,
ample,adjective,B2,,,,
amuse,verb,B2,,,,
anonymous,adjective,B2,,,,
antique,adjective,B2,,,,
appeal,verb,B2,,,,
appreciative,adjective,B2,,,,
approach,verb,B2,,,,
approximate,adjective,B2,,,,
arouse,verb,B2,,,,
assemble,verb,B2,,,,
assert,verb,B2,,,,
assumption,noun,B2,,,,
assurance,noun,B2,,,,
assure,verb,B2,,,,
astonishing,adjective,B2,,,,
attached,adjective,B2,,,,
attainment,noun,B2,,,,
attendance,noun,B2,,,,
atypical,adjective,B2,,,,
authoritative,adjective,B2,,,,
backup,noun,B2,,,,
badge,noun,B2,,,,
bark,verb,B2,,,,
barren,adjective,B2,,,,
beat,noun,B2,,,,
bend,noun,B2,,,,
betray,verb,B2,,,,
bid,verb,B2,,,,
bind,verb,B2,,,,
blade,noun,B2,,,,
blast,verb,B2,,,,
blaze,noun,B2,,,,
blaze,verb,B2,,,,
blink,verb,B2,,,,
bloody,adjective,B2,,,,
blur,verb,B2,,,,
blush,verb,B2,,,,
bolt,verb,B2,,,,
bony,adjective,B2,,,,
boost,verb,B2,,,,
bow,verb,B2,,,,
brake,verb,B2,,,,
breakdown,noun,B2,,,,
breed,noun,B2,,,,
broadcast,verb,B2,,,,
broaden,verb,B2,,,,
bum,noun,B2,,,,
buzz,noun,B2,,,,
buzz,verb,B2,,,,
campaign,noun,B2,,,,
capability,noun,B2,,,,
carefree,adjective,B2,,,,
carve,verb,B2,,,,
cast,noun,B2,,,,
cast,verb,B2,,,,
catchy,adjective,B2,,,,
cause,noun,B2,,,,
challenge,verb,B2,,,,
charming,adjective,B2,,,,
chase,verb,B2,,,,
cheat,verb,B2,,,,
cheerfulness,noun,B2,,,,
chop,verb,B2,,,,
circuit,noun,B2,,,,
clap,verb,B2,,,,
clarify,verb,B2,,,,
clog,verb,B2,,,,
closure,noun,B2,,,,
clumsy,adjective,B2,,,,
coarse,adjective,B2,,,,
coherent,adjective,B2,,,,
coincide,verb,B2,,,,
coincidence,noun,B2,,,,
collapse,verb,B2,,,,
comb,verb,B2,,,,
commission,noun,B2,,,,
community,noun,B2,,,,
competent,adjective,B2,,,,
complexion,noun,B2,,,,
component,noun,B2,,,,
comprehensive,adjective,B2,,,,
compromise,verb,B2,,,,
conceit,noun,B2,,,,
conceive,verb,B2,,,,
concession,noun,B2,,,,
condemn,verb,B2,,,,
conduct,verb,B2,,,,
confront,verb,B2,,,,
conscience,noun,B2,,,,
consciousness,noun,B2,,,,
consistent,adjective,B2,,,,
consolation,noun,B2,,,,
constant,adjective,B2,,,,
consult,verb,B2,,,,
contemporary,adjective,B2,,,,
contradiction,noun,B2,,,,
contradictory,adjective,B2,,,,
conventional,adjective,B2,,,,
conversion,noun,B2,,,,
convert,verb,B2,,,,
cool,verb,B2,,,,
cooperation,noun,B2,,,,
cooperative,adjective,B2,,,,
core,noun,B2,,,,
corporal,adjective,B2,,,,
corporate,adjective,B2,,,,
correct,verb,B2,,,,
corresponding,adjective,B2,,,,
corrupt,adjective,B2,,,,
corruption,noun,B2,,,,
costume,noun,B2,,,,
crack,noun,B2,,,,
crack,verb,B2,,,,
crawl,verb,B2,,,,
creepy,adjective,B2,,,,
criminal,adjective,B2,,,,
criticism,noun,B2,,,,
crucial,adjective,B2,,,,
cure,verb,B2,,,,
damn,adjective,B2,,,,
dash,noun,B2,,,,
dash,verb,B2,,,,
dawn,noun,B2,,,,
dearly,adverb,B2,,,,
decay,verb,B2,,,,
decent,adjective,B2,,,,
deceptive,adjective,B2,,,,
decisive,adjective,B2,,,,
decline,verb,B2,,,,
deep,adjective,B2,,,,
deficit,noun,B2,,,,
deliberate,adjective,B2,,,,
demolish,verb,B2,,,,
dense,adjective,B2,,,,
dependable,adjective,B2,,,,
deposit,verb,B2,,,,
desperation,noun,B2,,,,
detach,verb,B2,,,,
determined,adjective,B2,,,,
devoted,adjective,B2,,,,
dignity,noun,B2,,,,
dim,adjective,B2,,,,
dip,verb,B2,,,,
discipline,noun,B2,,,,
discredit,verb,B2,,,,
disguise,noun,B2,,,,
dismiss,verb,B2,,,,
disorder,noun,B2,,,,
disorderly,adjective,B2,,,,
disposition,noun,B2,,,,
distinguished,adjective,B2,,,,
diversion,noun,B2,,,,
divided,adjective,B2,,,,
division,noun,B2,,,,
domestic,adjective,B2,,,,
dominate,verb,B2,,,,
double,noun,B2,,,,
double,verb,B2,,,,
doubly,adverb,B2,,,,
doubt,verb,B2,,,,
doubtful,adjective,B2,,,,
down,adjective,B2,,,,
downsize,verb,B2,,,,
drain,verb,B2,,,,
dreadful,adjective,B2,,,,
dumb,adjective,B2,,,,
ease,noun,B2,,,,
ease,verb,B2,,,,
economical,adjective,B2,,,,
edit,verb,B2,,,,
effectively,adverb,B2,,,,
elect,verb,B2,,,,
elective,adjective,B2,,,,
elegance,noun,B2,,,,
elegant,adjective,B2,,,,
embrace,noun,B2,,,,
emergence,noun,B2,,,,
endorse,verb,B2,,,,
energy,noun,B2,,,,
engagement,noun,B2,,,,
enhance,verb,B2,,,,
enterprise,noun,B2,,,,
equal,verb,B2,,,,
equip,verb,B2,,,,
erupt,verb,B2,,,,
estimate,noun,B2,,,,
evacuate,verb,B2,,,,
evil,noun,B2,,,,
exalt,verb,B2,,,,
exceed,verb,B2,,,,
exception,noun,B2,,,,
exceptional,adjective,B2,,,,
exclaim,verb,B2,,,,
exclude,verb,B2,,,,
execute,verb,B2,,,,
exhausting,adjective,B2,,,,
exhibit,verb,B2,,,,
existing,adjective,B2,,,,
exotic,adjective,B2,,,,
experiment,verb,B2,,,,
explode,verb,B2,,,,
exploit,verb,B2,,,,
explosive,adjective,B2,,,,
export,verb,B2,,,,
exquisite,adjective,B2,,,,
extension,noun,B2,,,,
external,adjective,B2,,,,
extract,verb,B2,,,,
fabric,noun,B2,,,,
fabulous,adjective,B2,,,,
facilitate,verb,B2,,,,
facilities,noun,B2,,,,
factor,noun,B2,,,,
faith,noun,B2,,,,
falter,verb,B2,,,,
far,adjective,B2,,,,
fat,noun,B2,,,,
fatal,adjective,B2,,,,
fear,verb,B2,,,,
federal,adjective,B2,,,,
fierce,adjective,B2,,,,
figurative,adjective,B2,,,,
file,verb,B2,,,,
fire,verb,B2,,,,
fit,noun,B2,,,,
fixed,adjective,B2,,,,
flap,verb,B2,,,,
flash,noun,B2,,,,
flash,verb,B2,,,,
flaw,noun,B2,,,,
flexible,adjective,B2,,,,
flip,verb,B2,,,,
fluid,adjective,B2,,,,
focus,noun,B2,,,,
force,verb,B2,,,,
formation,noun,B2,,,,
formidable,adjective,B2,,,,
forthcoming,adjective,B2,,,,
foul,adjective,B2,,,,
frame,verb,B2,,,,
free,verb,B2,,,,
friendly,adjective,B2,,,,
frontier,noun,B2,,,,
functional,adjective,B2,,,,
fundamental,adjective,B2,,,,
funky,adjective,B2,,,,
furious,adjective,B2,,,,
genius,noun,B2,,,,
genuine,adjective,B2,,,,
ghetto,noun,B2,,,,
glare,noun,B2,,,,
gloomy,adjective,B2,,,,
glorify,verb,B2,,,,
god,noun,B2,,,,
godly,adjective,B2,,,,
good,noun,B2,,,,
gradual,adjective,B2,,,,
grain,noun,B2,,,,
grand,adjective,B2,,,,
grasp,noun,B2,,,,
gravitation,noun,B2,,,,
grim,adjective,B2,,,,
grip,noun,B2,,,,
gross,adjective,B2,,,,
guarantee,verb,B2,,,,
guard,verb,B2,,,,
hail,verb,B2,,,,
hairy,adjective,B2,,,,
hammer,verb,B2,,,,
hang,noun,B2,,,,
haste,noun,B2,,,,
haunt,verb,B2,,,,
haunting,adjective,B2,,,,
heap,verb,B2,,,,
hell,noun,B2,,,,
heritage,noun,B2,,,,
hesitation,noun,B2,,,,
hollow,adjective,B2,,,,
hook,verb,B2,,,,
hospitable,adjective,B2,,,,
humble,adjective,B2,,,,
icy,adjective,B2,,,,
identical,adjective,B2,,,,
idle,adjective,B2,,,,
ignorant,adjective,B2,,,,
impartial,adjective,B2,,,,
implement,verb,B2,,,,
implication,noun,B2,,,,
imprison,verb,B2,,,,
improved,adjective,B2,,,,
impulse,noun,B2,,,,
impulsive,adjective,B2,,,,
inadequate,adjective,B2,,,,
inanimate,adjective,B2,,,,
indent,verb,B2,,,,
indifferent,adjective,B2,,,,
indispensable,adjective,B2,,,,
indulge,verb,B2,,,,
indulgent,adjective,B2,,,,
ineffective,adjective,B2,,,,
inert,adjective,B2,,,,
infect,verb,B2,,,,
inflate,verb,B2,,,,
informal,adjective,B2,,,,
inhabit,verb,B2,,,,
inherit,verb,B2,,,,
injured,adjective,B2,,,,
innovative,adjective,B2,,,,
inside,adjective,B2,,,,
instruct,verb,B2,,,,
insult,noun,B2,,,,
intellectual,adjective,B2,,,,
interpret,verb,B2,,,,
interpretation,noun,B2,,,,
intimate,adjective,B2,,,,
intrude,verb,B2,,,,
investigate,verb,B2,,,,
invisible,adjective,B2,,,,
irrational,adjective,B2,,,,
irresistible,adjective,B2,,,,
irritating,adjective,B2,,,,
issue,verb,B2,,,,
itch,verb,B2,,,,
jam,verb,B2,,,,
keen,adjective,B2,,,,
knot,noun,B2,,,,
label,noun,B2,,,,
lap,noun,B2,,,,
leak,noun,B2,,,,
leak,verb,B2,,,,
lean,verb,B2,,,,
leap,noun,B2,,,,
legendary,adjective,B2,,,,
legitimate,adjective,B2,,,,
level,verb,B2,,,,
liberal,adjective,B2,,,,
lick,verb,B2,,,,
lid,noun,B2,,,,
lifeless,adjective,B2,,,,
lighten,verb,B2,,,,
lighting,noun,B2,,,,
limb,noun,B2,,,,
line,verb,B2,,,,
linger,verb,B2,,,,
list,verb,B2,,,,
literal,adjective,B2,,,,
load,verb,B2,,,,
lousy,adjective,B2,,,,
lush,adjective,B2,,,,
major,noun,B2,,,,
manipulate,verb,B2,,,,
manual,adjective,B2,,,,
manufacture,verb,B2,,,,
margin,noun,B2,,,,
marketing,noun,B2,,,,
mass,noun,B2,,,,
mate,noun,B2,,,,
mathematical,adjective,B2,,,,
mature,adjective,B2,,,,
means,noun,B2,,,,
mediocre,adjective,B2,,,,
mercy,noun,B2,,,,
merge,verb,B2,,,,
microscopic,adjective,B2,,,,
mix,noun,B2,,,,
mixture,noun,B2,,,,
modest,adjective,B2,,,,
modification,noun,B2,,,,
moral,adjective,B2,,,,
mortal,adjective,B2,,,,
motion,noun,B2,,,,
mount,verb,B2,,,,
moving,adjective,B2,,,,
muddy,adjective,B2,,,,
multiply,verb,B2,,,,
mutable,adjective,B2,,,,
naughty,adjective,B2,,,,
navigate,verb,B2,,,,
neat,adjective,B2,,,,
necessarily,adverb,B2,,,,
need,noun,B2,,,,
nerves,noun,B2,,,,
noble,adjective,B2,,,,
nod,verb,B2,,,,
nomination,noun,B2,,,,
numerical,adjective,B2,,,,
object,verb,B2,,,,
objective,adjective,B2,,,,
obligation,noun,B2,,,,
odd,adjective,B2,,,,
offend,verb,B2,,,,
offhand,adverb,B2,,,,
offshore,adjective,B2,,,,
operator,noun,B2,,,,
oral,adjective,B2,,,,
originate,verb,B2,,,,
outrageous,adjective,B2,,,,
outside,adjective,B2,,,,
overall,adjective,B2,,,,
overlook,verb,B2,,,,
overseas,adjective,B2,,,,
overshadow,verb,B2,,,,
packed,adjective,B2,,,,
pandemic,adjective,B2,,,,
panic,verb,B2,,,,
part,verb,B2,,,,
particular,adjective,B2,,,,
pastoral,adjective,B2,,,,
patch,noun,B2,,,,
peak,noun,B2,,,,
penetrate,verb,B2,,,,
perceive,verb,B2,,,,
perception,noun,B2,,,,
permeate,verb,B2,,,,
petty,adjective,B2,,,,
phase,noun,B2,,,,
philosophical,adjective,B2,,,,
picturesque,adjective,B2,,,,
pitch,noun,B2,,,,
pitch,verb,B2,,,,
planning,noun,B2,,,,
plead,verb,B2,,,,
plot,noun,B2,,,,
pluck,verb,B2,,,,
plug,verb,B2,,,,
pointless,adjective,B2,,,,
poison,verb,B2,,,,
pop,verb,B2,,,,
portion,noun,B2,,,,
potent,adjective,B2,,,,
potential,adjective,B2,,,,
pound,verb,B2,,,,
precede,verb,B2,,,,
precisely,adverb,B2,,,,
predicate,verb,B2,,,,
prehistoric,adjective,B2,,,,
prescribe,verb,B2,,,,
present,verb,B2,,,,
prestigious,adjective,B2,,,,
prevail,verb,B2,,,,
price,verb,B2,,,,
primary,adjective,B2,,,,
prime,adjective,B2,,,,
probable,adjective,B2,,,,
process,verb,B2,,,,
project,verb,B2,,,,
prompt,adjective,B2,,,,
promptly,adverb,B2,,,,
punch,verb,B2,,,,
purchase,noun,B2,,,,
pursuit,noun,B2,,,,
qualification,noun,B2,,,,
question,verb,B2,,,,
quotable,adjective,B2,,,,
quote,verb,B2,,,,
rack,noun,B2,,,,
radiate,verb,B2,,,,
rally,noun,B2,,,,
range,verb,B2,,,,
rape,verb,B2,,,,
rash,adjective,B2,,,,
rate,verb,B2,,,,
reaction,noun,B2,,,,
reasonably,adverb,B2,,,,
recognition,noun,B2,,,,
recruit,verb,B2,,,,
rectangular,adjective,B2,,,,
redundant,adjective,B2,,,,
reference,noun,B2,,,,
reflective,adjective,B2,,,,
regard,noun,B2,,,,
regulate,verb,B2,,,,
reinforce,verb,B2,,,,
reinforcement,noun,B2,,,,
rejection,noun,B2,,,,
relief,noun,B2,,,,
relieve,verb,B2,,,,
reluctant,adjective,B2,,,,
repress,verb,B2,,,,
repression,noun,B2,,,,
research,verb,B2,,,,
residence,noun,B2,,,,
resign,verb,B2,,,,
resistance,noun,B2,,,,
resolution,noun,B2,,,,
restriction,noun,B2,,,,
resume,verb,B2,,,,
retard,verb,B2,,,,
retreat,noun,B2,,,,
retrieve,verb,B2,,,,
review,verb,B2,,,,
revive,verb,B2,,,,
revolution,noun,B2,,,,
rip,verb,B2,,,,
risky,adjective,B2,,,,
roar,verb,B2,,,,
rock,verb,B2,,,,
rocky,adjective,B2,,,,
roll,verb,B2,,,,
rosy,adjective,B2,,,,
round,verb,B2,,,,
ruinous,adjective,B2,,,,
rule,verb,B2,,,,
sack,verb,B2,,,,
sail,verb,B2,,,,
satisfactory,adjective,B2,,,,
scan,verb,B2,,,,
scarcely,adverb,B2,,,,
schedule,verb,B2,,,,
scramble,verb,B2,,,,
scratch,verb,B2,,,,
screen,verb,B2,,,,
seal,noun,B2,,,,
secondary,adjective,B2,,,,
sector,noun,B2,,,,
segment,noun,B2,,,,
sense,verb,B2,,,,
sensible,adjective,B2,,,,
sensitive,adjective,B2,,,,
separate,verb,B2,,,,
serene,adjective,B2,,,,
serial,adjective,B2,,,,
sexual,adjective,B2,,,,
shabby,adjective,B2,,,,
shaky,adjective,B2,,,,
sharply,adverb,B2,,,,
shatter,verb,B2,,,,
shell,verb,B2,,,,
shock,verb,B2,,,,
shooting,noun,B2,,,,
shortness,noun,B2,,,,
shower,verb,B2,,,,
sincere,adjective,B2,,,,
sincerity,noun,B2,,,,
sketch,verb,B2,,,,
skip,verb,B2,,,,
slam,verb,B2,,,,
slight,adjective,B2,,,,
sloppy,adjective,B2,,,,
smash,verb,B2,,,,
snap,verb,B2,,,,
sneak,verb,B2,,,,
sniff,verb,B2,,,,
soak,verb,B2,,,,
soar,verb,B2,,,,
sociable,adjective,B2,,,,
softness,noun,B2,,,,
soil,noun,B2,,,,
sophisticated,adjective,B2,,,,
sound,adjective,B2,,,,
spare,adjective,B2,,,,
spare,verb,B2,,,,
spark,noun,B2,,,,
sparkling,adjective,B2,,,,
specify,verb,B2,,,,
spin,verb,B2,,,,
splash,noun,B2,,,,
spot,verb,B2,,,,
spray,verb,B2,,,,
spread,verb,B2,,,,
squeeze,verb,B2,,,,
stain,verb,B2,,,,
stake,noun,B2,,,,
stamp,verb,B2,,,,
standard,adjective,B2,,,,
startle,verb,B2,,,,
starve,verb,B2,,,,
stern,adjective,B2,,,,
stick,noun,B2,,,,
stiff,adjective,B2,,,,
stimulate,verb,B2,,,,
stock,noun,B2,,,,
stopover,noun,B2,,,,
store,verb,B2,,,,
straighten,verb,B2,,,,
straightforward,adjective,B2,,,,
strain,verb,B2,,,,
strand,noun,B2,,,,
strangle,verb,B2,,,,
striking,adjective,B2,,,,
strip,verb,B2,,,,
stroke,noun,B2,,,,
stroke,verb,B2,,,,
struggle,verb,B2,,,,
stuff,verb,B2,,,,
submit,verb,B2,,,,
subside,verb,B2,,,,
substance,noun,B2,,,,
substitute,verb,B2,,,,
subtle,adjective,B2,,,,
subtract,verb,B2,,,,
suck,verb,B2,,,,
superb,adjective,B2,,,,
suppress,verb,B2,,,,
surrender,verb,B2,,,,
suspect,verb,B2,,,,
suspend,verb,B2,,,,
sustain,verb,B2,,,,
swing,noun,B2,,,,
swing,verb,B2,,,,
symbolic,adjective,B2,,,,
sympathetic,adjective,B2,,,,
tack,verb,B2,,,,
tactile,adjective,B2,,,,
tame,adjective,B2,,,,
tap,verb,B2,,,,
tease,verb,B2,,,,
technical,adjective,B2,,,,
temperate,adjective,B2,,,,
tender,adjective,B2,,,,
test,verb,B2,,,,
testimony,noun,B2,,,,
theme,noun,B2,,,,
thoughtful,adjective,B2,,,,
thoughtless,adjective,B2,,,,
thread,noun,B2,,,,
threaten,verb,B2,,,,
thrilling,adjective,B2,,,,
time,verb,B2,,,,
tip,verb,B2,,,,
tolerant,adjective,B2,,,,
tolerate,verb,B2,,,,
tough,adjective,B2,,,,
trace,verb,B2,,,,
track,verb,B2,,,,
trade,verb,B2,,,,
trail,verb,B2,,,,
tramp,noun,B2,,,,
transfer,noun,B2,,,,
transparent,adjective,B2,,,,
tread,verb,B2,,,,
treat,verb,B2,,,,
trial,noun,B2,,,,
tricky,adjective,B2,,,,
trip,verb,B2,,,,
trivial,adjective,B2,,,,
tropic,adjective,B2,,,,
trust,noun,B2,,,,
truthful,adjective,B2,,,,
turbulent,adjective,B2,,,,
ultimate,adjective,B2,,,,
unacceptable,adjective,B2,,,,
unattractive,adjective,B2,,,,
uncommon,adjective,B2,,,,
unconcerned,adjective,B2,,,,
unconscious,adjective,B2,,,,
underestimate,verb,B2,,,,
underground,adjective,B2,,,,
understanding,noun,B2,,,,
uneven,adjective,B2,,,,
universal,adjective,B2,,,,
unload,verb,B2,,,,
unlock,verb,B2,,,,
unofficial,adjective,B2,,,,
unreliable,adjective,B2,,,,
unsuitable,adjective,B2,,,,
unsure,adjective,B2,,,,
untie,verb,B2,,,,
unwilling,adjective,B2,,,,
unworldly,adjective,B2,,,,
update,noun,B2,,,,
upgrade,noun,B2,,,,
upgrade,verb,B2,,,,
upright,adjective,B2,,,,
upset,verb,B2,,,,
utter,verb,B2,,,,
vacant,adjective,B2,,,,
valid,adjective,B2,,,,
vanish,verb,B2,,,,
variation,noun,B2,,,,
varied,adjective,B2,,,,
verbal,adjective,B2,,,,
version,noun,B2,,,,
very,adjective,B2,,,,
vigorous,adjective,B2,,,,
violate,verb,B2,,,,
vital,adjective,B2,,,,
want,noun,B2,,,,
water,verb,B2,,,,
weaken,verb,B2,,,,
welcome,noun,B2,,,,
western,adjective,B2,,,,
whip,verb,B2,,,,
whistle,verb,B2,,,,
widen,verb,B2,,,,
wilderness,noun,B2,,,,
wind,verb,B2,,,,
winding,adjective,B2,,,,
wire,verb,B2,,,,
withdrawal,noun,B2,,,,
worldly,adjective,B2,,,,
worldwide,adjective,B2,,,,
yell,verb,B2,,,,
yield,verb,B2,,,,
abandon,verb,B1,,,,
able,adjective,B1,,,,
abnormal,adjective,B1,,,,
aboard,adverb,B1,,,,
absence,noun,B1,,,,
absent,adjective,B1,,,,
absolute,adjective,B1,,,,
absorb,verb,B1,,,,
abstract,adjective,B1,,,,
accent,noun,B1,,,,
acceptance,noun,B1,,,,
access,noun,B1,,,,
accessible,adjective,B1,,,,
accidental,adjective,B1,,,,
account,verb,B1,,,,
accuracy,noun,B1,,,,
acknowledge,verb,B1,,,,
acquire,verb,B1,,,,
act,verb,B1,,,,
active,adjective,B1,,,,
address,verb,B1,,,,
administration,noun,B1,,,,
adopt,verb,B1,,,,
advance,verb,B1,,,,
affect,verb,B1,,,,
afford,verb,B1,,,,
aggressive,adjective,B1,,,,
agreement,noun,B1,,,,
aid,noun,B1,,,,
aim,noun,B1,,,,
alcoholic,adjective,B1,,,,
allowance,noun,B1,,,,
aloud,adverb,B1,,,,
alternative,adjective,B1,,,,
altogether,adverb,B1,,,,
amazing,adjective,B1,,,,
amount,noun,B1,,,,
amusing,adjective,B1,,,,
animated,adjective,B1,,,,
annual,adjective,B1,,,,
anyhow,adverb,B1,,,,
apology,noun,B1,,,,
apparent,adjective,B1,,,,
appeal,noun,B1,,,,
application,noun,B1,,,,
appoint,verb,B1,,,,
appreciation,noun,B1,,,,
approach,noun,B1,,,,
approval,noun,B1,,,,
arrange,verb,B1,,,,
arrangement,noun,B1,,,,
artistic,adjective,B1,,,,
aside,adverb,B1,,,,
assign,verb,B1,,,,
assistance,noun,B1,,,,
assume,verb,B1,,,,
athletic,adjective,B1,,,,
atmosphere,noun,B1,,,,
attend,verb,B1,,,,
attract,verb,B1,,,,
authority,noun,B1,,,,
auxiliary,adjective,B1,,,,
available,adjective,B1,,,,
awareness,noun,B1,,,,
awkward,adjective,B1,,,,
back,verb,B1,,,,
balance,noun,B1,,,,
bald,adjective,B1,,,,
bang,noun,B1,,,,
bang,verb,B1,,,,
bar,verb,B1,,,,
bare,adjective,B1,,,,
barely,adverb,B1,,,,
base,verb,B1,,,,
basin,noun,B1,,,,
basis,noun,B1,,,,
bat,verb,B1,,,,
bathe,verb,B1,,,,
beat,verb,B1,,,,
behalf,noun,B1,,,,
behave,verb,B1,,,,
bent,adjective,B1,,,,
bet,verb,B1,,,,
bill,verb,B1,,,,
bitter,adjective,B1,,,,
blame,noun,B1,,,,
blend,verb,B1,,,,
blessing,noun,B1,,,,
blind,adjective,B1,,,,
block,verb,B1,,,,
board,verb,B1,,,,
bold,adjective,B1,,,,
bond,noun,B1,,,,
book,verb,B1,,,,
booking,noun,B1,,,,
bother,noun,B1,,,,
bounce,verb,B1,,,,
bound,adjective,B1,,,,
breath,noun,B1,,,,
breathless,adjective,B1,,,,
breed,verb,B1,,,,
brief,adjective,B1,,,,
broad,adjective,B1,,,,
bubble,noun,B1,,,,
bull,noun,B1,,,,
bump,verb,B1,,,,
burn,verb,B1,,,,
burst,verb,B1,,,,
caller,noun,B1,,,,
calm,adjective,B1,,,,
cancel,verb,B1,,,,
capable,adjective,B1,,,,
capacity,noun,B1,,,,
capture,verb,B1,,,,
care,verb,B1,,,,
careless,adjective,B1,,,,
carelessly,adverb,B1,,,,
casual,adjective,B1,,,,
caution,noun,B1,,,,
central,adjective,B1,,,,
ceremony,noun,B1,,,,
certainty,noun,B1,,,,
challenging,adjective,B1,,,,
charge,noun,B1,,,,
charge,verb,B1,,,,
chemistry,noun,B1,,,,
choke,verb,B1,,,,
circle,verb,B1,,,,
civil,adjective,B1,,,,
comfort,noun,B1,,,,
command,noun,B1,,,,
comment,noun,B1,,,,
commercial,adjective,B1,,,,
commit,verb,B1,,,,
comparison,noun,B1,,,,
competitive,adjective,B1,,,,
complement,noun,B1,,,,
complete,verb,B1,,,,
complex,adjective,B1,,,,
compose,verb,B1,,,,
composition,noun,B1,,,,
concerned,adjective,B1,,,,
conclude,verb,B1,,,,
conclusion,noun,B1,,,,
confidence,noun,B1,,,,
confirm,verb,B1,,,,
confirmation,noun,B1,,,,
confusing,adjective,B1,,,,
confusion,noun,B1,,,,
connect,verb,B1,,,,
conquer,verb,B1,,,,
conscious,adjective,B1,,,,
consequently,adverb,B1,,,,
consideration,noun,B1,,,,
constantly,adverb,B1,,,,
construct,verb,B1,,,,
construction,noun,B1,,,,
consume,verb,B1,,,,
contain,verb,B1,,,,
content,noun,B1,,,,
continual,adjective,B1,,,,
contrary,adjective,B1,,,,
contribution,noun,B1,,,,
control,verb,B1,,,,
correction,noun,B1,,,,
council,noun,B1,,,,
count,noun,B1,,,,
county,noun,B1,,,,
crash,verb,B1,,,,
critical,adjective,B1,,,,
crop,noun,B1,,,,
curious,adjective,B1,,,,
curiously,adverb,B1,,,,
currency,noun,B1,,,,
cut,noun,B1,,,,
cycle,noun,B1,,,,
cycle,verb,B1,,,,
damage,verb,B1,,,,
damaged,adjective,B1,,,,
dare,verb,B1,,,,
darkness,noun,B1,,,,
date,verb,B1,,,,
deadly,adjective,B1,,,,
deal,verb,B1,,,,
decision,noun,B1,,,,
declare,verb,B1,,,,
decrease,verb,B1,,,,
define,verb,B1,,,,
definite,adjective,B1,,,,
delay,verb,B1,,,,
delicate,adjective,B1,,,,
delight,noun,B1,,,,
deliver,verb,B1,,,,
delivery,noun,B1,,,,
demand,noun,B1,,,,
demand,verb,B1,,,,
democratic,adjective,B1,,,,
demonstrate,verb,B1,,,,
demonstration,noun,B1,,,,
department,noun,B1,,,,
dependent,adjective,B1,,,,
depressed,adjective,B1,,,,
depth,noun,B1,,,,
derive,verb,B1,,,,
design,verb,B1,,,,
despair,noun,B1,,,,
desperate,adjective,B1,,,,
determination,noun,B1,,,,
determine,verb,B1,,,,
devastating,adjective,B1,,,,
development,noun,B1,,,,
device,noun,B1,,,,
devotion,noun,B1,,,,
dial,verb,B1,,,,
differ,verb,B1,,,,
dig,verb,B1,,,,
diligent,adjective,B1,,,,
direct,verb,B1,,,,
directly,adverb,B1,,,,
disable,verb,B1,,,,
dissolve,verb,B1,,,,
distance,noun,B1,,,,
distant,adjective,B1,,,,
distinction,noun,B1,,,,
distinguish,verb,B1,,,,
distribute,verb,B1,,,,
disturbance,noun,B1,,,,
diverse,adjective,B1,,,,
divine,adjective,B1,,,,
downward,adjective,B1,,,,
drag,verb,B1,,,,
dramatic,adjective,B1,,,,
drown,verb,B1,,,,
dull,adjective,B1,,,,
dump,verb,B1,,,,
eastern,adjective,B1,,,,
ecological,adjective,B1,,,,
economic,adjective,B1,,,,
economy,noun,B1,,,,
edge,noun,B1,,,,
edition,noun,B1,,,,
effective,adjective,B1,,,,
efficient,adjective,B1,,,,
electricity,noun,B1,,,,
element,noun,B1,,,,
eliminate,verb,B1,,,,
embarrassed,adjective,B1,,,,
embarrassment,noun,B1,,,,
emerge,verb,B1,,,,
emotional,adjective,B1,,,,
emphasis,noun,B1,,,,
employment,noun,B1,,,,
enclose,verb,B1,,,,
endless,adjective,B1,,,,
endure,verb,B1,,,,
enemy,noun,B1,,,,
engage,verb,B1,,,,
engaged,adjective,B1,,,,
engine,noun,B1,,,,
enrich,verb,B1,,,,
entertain,verb,B1,,,,
entire,adjective,B1,,,,
entirely,adverb,B1,,,,
equal,adjective,B1,,,,
equally,adverb,B1,,,,
escape,verb,B1,,,,
essential,adjective,B1,,,,
establishment,noun,B1,,,,
eternal,adjective,B1,,,,
even,adjective,B1,,,,
evident,adjective,B1,,,,
excitement,noun,B1,,,,
exclusive,adjective,B1,,,,
excuse,verb,B1,,,,
exhausted,adjective,B1,,,,
existence,noun,B1,,,,
expand,verb,B1,,,,
expense,noun,B1,,,,
experiment,noun,B1,,,,
expose,verb,B1,,,,
express,verb,B1,,,,
extend,verb,B1,,,,
extent,noun,B1,,,,
extinct,adjective,B1,,,,
extinction,noun,B1,,,,
extraordinary,adjective,B1,,,,
extreme,adjective,B1,,,,
facility,noun,B1,,,,
failure,noun,B1,,,,
faint,adjective,B1,,,,
fair,noun,B1,,,,
faithful,adjective,B1,,,,
fall,noun,B1,,,,
fallen,adjective,B1,,,,
fancy,noun,B1,,,,
faraway,adjective,B1,,,,
farther,adverb,B1,,,,
farthest,adverb,B1,,,,
fasten,verb,B1,,,,
feast,noun,B1,,,,
feed,verb,B1,,,,
fellow,noun,B1,,,,
fetch,verb,B1,,,,
fight,verb,B1,,,,
firm,adjective,B1,,,,
fish,verb,B1,,,,
fit,verb,B1,,,,
fix,verb,B1,,,,
flat,adjective,B1,,,,
float,verb,B1,,,,
flood,verb,B1,,,,
flow,noun,B1,,,,
flow,verb,B1,,,,
fold,noun,B1,,,,
fold,verb,B1,,,,
fond,adjective,B1,,,,
fool,verb,B1,,,,
foot,noun,B1,,,,
forgive,verb,B1,,,,
form,verb,B1,,,,
formal,adjective,B1,,,,
former,adjective,B1,,,,
formula,noun,B1,,,,
forth,adverb,B1,,,,
fortunate,adjective,B1,,,,
foundation,noun,B1,,,,
fragment,noun,B1,,,,
frequent,adjective,B1,,,,
frozen,adjective,B1,,,,
function,noun,B1,,,,
fund,verb,B1,,,,
further,adverb,B1,,,,
furthest,adverb,B1,,,,
future,adjective,B1,,,,
gain,verb,B1,,,,
gap,noun,B1,,,,
gay,adjective,B1,,,,
general,adjective,B1,,,,
generate,verb,B1,,,,
generous,adjective,B1,,,,
genetic,adjective,B1,,,,
glimpse,noun,B1,,,,
glorious,adjective,B1,,,,
glory,noun,B1,,,,
govern,verb,B1,,,,
grab,verb,B1,,,,
grant,verb,B1,,,,
graphic,adjective,B1,,,,
grill,verb,B1,,,,
growth,noun,B1,,,,
guilty,adjective,B1,,,,
handle,verb,B1,,,,
handwriting,noun,B1,,,,
handy,adjective,B1,,,,
hang,verb,B1,,,,
hardship,noun,B1,,,,
hasty,adjective,B1,,,,
heal,verb,B1,,,,
hearing,noun,B1,,,,
hearty,adjective,B1,,,,
heat,verb,B1,,,,
heavenly,adjective,B1,,,,
helpless,adjective,B1,,,,
hidden,adjective,B1,,,,
highlight,verb,B1,,,,
historic,adjective,B1,,,,
historical,adjective,B1,,,,
hit,noun,B1,,,,
honest,adjective,B1,,,,
honestly,adverb,B1,,,,
hope,verb,B1,,,,
hopeful,adjective,B1,,,,
hopeless,adjective,B1,,,,
hunt,verb,B1,,,,
identity,noun,B1,,,,
imitate,verb,B1,,,,
immediate,adjective,B1,,,,
immigrate,verb,B1,,,,
impression,noun,B1,,,,
impressive,adjective,B1,,,,
improper,adjective,B1,,,,
improvement,noun,B1,,,,
inconvenient,adjective,B1,,,,
incorrect,adjective,B1,,,,
increase,noun,B1,,,,
incredibly,adverb,B1,,,,
independent,adjective,B1,,,,
indirect,adjective,B1,,,,
individual,adjective,B1,,,,
industrial,adjective,B1,,,,
industry,noun,B1,,,,
inevitable,adjective,B1,,,,
inform,verb,B1,,,,
inhale,verb,B1,,,,
inject,verb,B1,,,,
innermost,adjective,B1,,,,
innocent,adjective,B1,,,,
insane,adjective,B1,,,,
inspire,verb,B1,,,,
intend,verb,B1,,,,
intense,adjective,B1,,,,
intention,noun,B1,,,,
intermediate,adjective,B1,,,,
internal,adjective,B1,,,,
interrupt,verb,B1,,,,
interview,verb,B1,,,,
invitation,noun,B1,,,,
involve,verb,B1,,,,
involved,adjective,B1,,,,
irregular,adjective,B1,,,,
irritate,verb,B1,,,,
jar,noun,B1,,,,
jealous,adjective,B1,,,,
jog,verb,B1,,,,
joint,adjective,B1,,,,
juicy,adjective,B1,,,,
jumper,noun,B1,,,,
kiss,verb,B1,,,,
knock,verb,B1,,,,
last,verb,B1,,,,
lasting,adjective,B1,,,,
laugh,noun,B1,,,,
launch,verb,B1,,,,
lawful,adjective,B1,,,,
lay,verb,B1,,,,
lead,verb,B1,,,,
leadership,noun,B1,,,,
leading,adjective,B1,,,,
lean,adjective,B1,,,,
leap,verb,B1,,,,
leave,noun,B1,,,,
lecture,noun,B1,,,,
length,noun,B1,,,,
level,adjective,B1,,,,
lift,verb,B1,,,,
light,verb,B1,,,,
lightly,adverb,B1,,,,
limit,noun,B1,,,,
limit,verb,B1,,,,
limitation,noun,B1,,,,
limited,adjective,B1,,,,
liquid,adjective,B1,,,,
literary,adjective,B1,,,,
live,adjective,B1,,,,
liver,noun,B1,,,,
locate,verb,B1,,,,
lock,verb,B1,,,,
logic,noun,B1,,,,
loss,noun,B1,,,,
loud,adjective,B1,,,,
loyal,adjective,B1,,,,
mail,verb,B1,,,,
main,adjective,B1,,,,
maintain,verb,B1,,,,
male,adjective,B1,,,,
march,noun,B1,,,,
march,verb,B1,,,,
marine,adjective,B1,,,,
marked,adjective,B1,,,,
market,verb,B1,,,,
marriage,noun,B1,,,,
massive,adjective,B1,,,,
match,verb,B1,,,,
measure,noun,B1,,,,
mechanical,adjective,B1,,,,
melt,verb,B1,,,,
mental,adjective,B1,,,,
mere,adjective,B1,,,,
mess,noun,B1,,,,
mild,adjective,B1,,,,
mile,noun,B1,,,,
minor,adjective,B1,,,,
miserable,adjective,B1,,,,
misery,noun,B1,,,,
mission,noun,B1,,,,
model,verb,B1,,,,
moderate,adjective,B1,,,,
motivation,noun,B1,,,,
movement,noun,B1,,,,
murder,verb,B1,,,,
muscle,noun,B1,,,,
mutual,adjective,B1,,,,
naked,adjective,B1,,,,
name,verb,B1,,,,
narrow,adjective,B1,,,,
nasty,adjective,B1,,,,
naturally,adverb,B1,,,,
near,adjective,B1,,,,
near,adverb,B1,,,,
network,noun,B1,,,,
neutral,adjective,B1,,,,
newborn,adjective,B1,,,,
nickname,noun,B1,,,,
northeast,adjective,B1,,,,
northern,adjective,B1,,,,
noticeable,adjective,B1,,,,
notion,noun,B1,,,,
nuclear,adjective,B1,,,,
nurse,verb,B1,,,,
object,noun,B1,,,,
observe,verb,B1,,,,
occasion,noun,B1,,,,
occasional,adjective,B1,,,,
occur,verb,B1,,,,
offensive,adjective,B1,,,,
oily,adjective,B1,,,,
opening,noun,B1,,,,
operation,noun,B1,,,,
opposition,noun,B1,,,,
oppression,noun,B1,,,,
orbit,noun,B1,,,,
ordinary,adjective,B1,,,,
organ,noun,B1,,,,
organic,adjective,B1,,,,
origin,noun,B1,,,,
outer,adjective,B1,,,,
outstanding,adjective,B1,,,,
outward,adjective,B1,,,,
overwhelming,adjective,B1,,,,
owe,verb,B1,,,,
pace,noun,B1,,,,
pain,noun,B1,,,,
painful,adjective,B1,,,,
pale,adjective,B1,,,,
partial,adjective,B1,,,,
particularly,adverb,B1,,,,
passive,adjective,B1,,,,
pattern,noun,B1,,,,
pause,verb,B1,,,,
peculiar,adjective,B1,,,,
permanent,adjective,B1,,,,
permit,verb,B1,,,,
physics,noun,B1,,,,
pick,noun,B1,,,,
pin,verb,B1,,,,
pit,noun,B1,,,,
place,verb,B1,,,,
plain,adjective,B1,,,,
plan,verb,B1,,,,
plant,verb,B1,,,,
pleasantly,adverb,B1,,,,
please,verb,B1,,,,
positive,adjective,B1,,,,
possess,verb,B1,,,,
possessive,adjective,B1,,,,
possibility,noun,B1,,,,
pound,noun,B1,,,,
practical,adjective,B1,,,,
praise,noun,B1,,,,
precious,adjective,B1,,,,
preference,noun,B1,,,,
preparation,noun,B1,,,,
prepared,adjective,B1,,,,
prescription,noun,B1,,,,
presence,noun,B1,,,,
present,adjective,B1,,,,
presentation,noun,B1,,,,
preserve,verb,B1,,,,
press,noun,B1,,,,
press,verb,B1,,,,
previous,adjective,B1,,,,
primitive,adjective,B1,,,,
principle,noun,B1,,,,
print,noun,B1,,,,
probability,noun,B1,,,,
process,noun,B1,,,,
proclaim,verb,B1,,,,
productive,adjective,B1,,,,
profession,noun,B1,,,,
progress,noun,B1,,,,
prominent,adjective,B1,,,,
promise,verb,B1,,,,
properly,adverb,B1,,,,
property,noun,B1,,,,
proportion,noun,B1,,,,
propose,verb,B1,,,,
prosperous,adjective,B1,,,,
protection,noun,B1,,,,
protective,adjective,B1,,,,
protest,noun,B1,,,,
proud,adjective,B1,,,,
prove,verb,B1,,,,
public,adjective,B1,,,,
pure,adjective,B1,,,,
purify,verb,B1,,,,
purse,noun,B1,,,,
push,noun,B1,,,,
qualified,adjective,B1,,,,
quality,adjective,B1,,,,
race,verb,B1,,,,
rage,noun,B1,,,,
rank,noun,B1,,,,
rapid,adjective,B1,,,,
rare,adjective,B1,,,,
rational,adjective,B1,,,,
reach,noun,B1,,,,
react,verb,B1,,,,
realistic,adjective,B1,,,,
reality,noun,B1,,,,
recall,verb,B1,,,,
reception,noun,B1,,,,
recite,verb,B1,,,,
reclaim,verb,B1,,,,
recommend,verb,B1,,,,
record,noun,B1,,,,
recover,verb,B1,,,,
reduce,verb,B1,,,,
reflection,noun,B1,,,,
register,verb,B1,,,,
regulation,noun,B1,,,,
reject,verb,B1,,,,
relate,verb,B1,,,,
relation,noun,B1,,,,
relationship,noun,B1,,,,
relative,adjective,B1,,,,
release,verb,B1,,,,
reliable,adjective,B1,,,,
religious,adjective,B1,,,,
remarkable,adjective,B1,,,,
remove,verb,B1,,,,
report,verb,B1,,,,
reproduce,verb,B1,,,,
reputation,noun,B1,,,,
request,verb,B1,,,,
require,verb,B1,,,,
requirement,noun,B1,,,,
reserve,verb,B1,,,,
resolve,verb,B1,,,,
resource,noun,B1,,,,
respect,noun,B1,,,,
respectable,adjective,B1,,,,
responsibility,noun,B1,,,,
responsible,adjective,B1,,,,
rest,verb,B1,,,,
restore,verb,B1,,,,
restrict,verb,B1,,,,
result,verb,B1,,,,
retain,verb,B1,,,,
reward,noun,B1,,,,
riddle,verb,B1,,,,
ripe,adjective,B1,,,,
rise,noun,B1,,,,
rise,verb,B1,,,,
rotten,adjective,B1,,,,
rough,adjective,B1,,,,
round,noun,B1,,,,
rush,verb,B1,,,,
sacred,adjective,B1,,,,
safety,noun,B1,,,,
satisfaction,noun,B1,,,,
scan,noun,B1,,,,
scatter,verb,B1,,,,
scold,verb,B1,,,,
score,noun,B1,,,,
score,verb,B1,,,,
search,verb,B1,,,,
season,noun,B1,,,,
secret,adjective,B1,,,,
secure,adjective,B1,,,,
security,noun,B1,,,,
seize,verb,B1,,,,
sensation,noun,B1,,,,
separation,noun,B1,,,,
sequence,noun,B1,,,,
series,noun,B1,,,,
serious,adjective,B1,,,,
service,noun,B1,,,,
session,noun,B1,,,,
setting,noun,B1,,,,
settle,verb,B1,,,,
severe,adjective,B1,,,,
severely,adverb,B1,,,,
sex,noun,B1,,,,
shadowy,adjective,B1,,,,
shake,verb,B1,,,,
shallow,adjective,B1,,,,
shameful,adjective,B1,,,,
shape,verb,B1,,,,
sharp,adjective,B1,,,,
shave,verb,B1,,,,
sheer,adjective,B1,,,,
shift,verb,B1,,,,
shiny,adjective,B1,,,,
shortly,adverb,B1,,,,
shout,verb,B1,,,,
shut,adjective,B1,,,,
sign,verb,B1,,,,
signal,noun,B1,,,,
significance,noun,B1,,,,
silent,adjective,B1,,,,
skeleton,noun,B1,,,,
skin,noun,B1,,,,
sleep,noun,B1,,,,
slightly,adverb,B1,,,,
slip,noun,B1,,,,
slip,verb,B1,,,,
slot,noun,B1,,,,
slow,adverb,B1,,,,
slow,verb,B1,,,,
smell,verb,B1,,,,
solid,adjective,B1,,,,
sore,adjective,B1,,,,
sorrow,noun,B1,,,,
sort,noun,B1,,,,
soul,noun,B1,,,,
sour,adjective,B1,,,,
southern,adjective,B1,,,,
specially,adverb,B1,,,,
spectacular,adjective,B1,,,,
speed,verb,B1,,,,
spicy,adjective,B1,,,,
spiritual,adjective,B1,,,,
split,noun,B1,,,,
spoil,verb,B1,,,,
stable,adjective,B1,,,,
standard,noun,B1,,,,
star,verb,B1,,,,
status,noun,B1,,,,
stay,noun,B1,,,,
steady,adjective,B1,,,,
steep,adjective,B1,,,,
stem,verb,B1,,,,
stick,verb,B1,,,,
sticky,adjective,B1,,,,
stir,verb,B1,,,,
stormy,adjective,B1,,,,
strain,noun,B1,,,,
strategic,adjective,B1,,,,
stream,noun,B1,,,,
stream,verb,B1,,,,
strengthen,verb,B1,,,,
stress,noun,B1,,,,
stressed,adjective,B1,,,,
stretch,verb,B1,,,,
strike,verb,B1,,,,
strip,noun,B1,,,,
stripe,noun,B1,,,,
struggle,noun,B1,,,,
stuck,adjective,B1,,,,
stuffed,adjective,B1,,,,
stumble,verb,B1,,,,
stun,verb,B1,,,,
stunning,adjective,B1,,,,
substantial,adjective,B1,,,,
suddenly,adverb,B1,,,,
suffer,verb,B1,,,,
summit,noun,B1,,,,
superior,adjective,B1,,,,
support,verb,B1,,,,
suppose,verb,B1,,,,
surface,noun,B1,,,,
surgery,noun,B1,,,,
surprise,verb,B1,,,,
sweat,noun,B1,,,,
swell,verb,B1,,,,
swimmer,noun,B1,,,,
switch,verb,B1,,,,
talk,noun,B1,,,,
taste,noun,B1,,,,
taste,verb,B1,,,,
teaching,noun,B1,,,,
tear,verb,B1,,,,
technological,adjective,B1,,,,
temper,noun,B1,,,,
temporary,adjective,B1,,,,
tempt,verb,B1,,,,
tend,verb,B1,,,,
tendency,noun,B1,,,,
tension,noun,B1,,,,
term,noun,B1,,,,
terribly,adverb,B1,,,,
terror,noun,B1,,,,
theory,noun,B1,,,,
thorough,adjective,B1,,,,
thus,adverb,B1,,,,
tick,verb,B1,,,,
tie,verb,B1,,,,
tighten,verb,B1,,,,
timely,adjective,B1,,,,
tongue,noun,B1,,,,
toss,verb,B1,,,,
total,adjective,B1,,,,
touch,verb,B1,,,,
trace,noun,B1,,,,
tragic,adjective,B1,,,,
trail,noun,B1,,,,
transfer,verb,B1,,,,
transform,verb,B1,,,,
translate,verb,B1,,,,
treatment,noun,B1,,,,
tremendous,adjective,B1,,,,
trend,noun,B1,,,,
trim,noun,B1,,,,
tropical,adjective,B1,,,,
trouble,verb,B1,,,,
trustworthy,adjective,B1,,,,
tumble,verb,B1,,,,
turning,noun,B1,,,,
twist,noun,B1,,,,
twist,verb,B1,,,,
type,verb,B1,,,,
typical,adjective,B1,,,,
unable,adjective,B1,,,,
uncontrollable,adjective,B1,,,,
uncover,verb,B1,,,,
undo,verb,B1,,,,
undress,verb,B1,,,,
unfit,adjective,B1,,,,
unfortunate,adjective,B1,,,,
unfriendly,adjective,B1,,,,
uninterested,adjective,B1,,,,
union,noun,B1,,,,
unique,adjective,B1,,,,
unite,verb,B1,,,,
unlikely,adjective,B1,,,,
unlucky,adjective,B1,,,,
unwanted,adjective,B1,,,,
update,verb,B1,,,,
upper,adjective,B1,,,,
upward,adjective,B1,,,,
vague,adjective,B1,,,,
vain,adjective,B1,,,,
valuable,adjective,B1,,,,
variety,noun,B1,,,,
various,adjective,B1,,,,
vein,noun,B1,,,,
view,verb,B1,,,,
virtual,adjective,B1,,,,
virus,noun,B1,,,,
visible,adjective,B1,,,,
vision,noun,B1,,,,
visual,adjective,B1,,,,
vivid,adjective,B1,,,,
volume,noun,B1,,,,
volunteer,verb,B1,,,,
vote,verb,B1,,,,
warm,verb,B1,,,,
warmly,adverb,B1,,,,
warn,verb,B1,,,,
warning,noun,B1,,,,
waste,noun,B1,,,,
waste,verb,B1,,,,
wasteful,adjective,B1,,,,
wave,verb,B1,,,,
wax,verb,B1,,,,
weakness,noun,B1,,,,
weird,adjective,B1,,,,
whole,noun,B1,,,,
widespread,adjective,B1,,,,
wing,noun,B1,,,,
working,adjective,B1,,,,
worn,adjective,B1,,,,
worst,noun,B1,,,,
worth,adjective,B1,,,,
worthy,adjective,B1,,,,
wrap,verb,B1,,,,
written,adjective,B1,,,,
accept,verb,A2,,,,
acceptable,adjective,A2,,,,
actually,adverb,A2,,,,
addition,noun,A2,,,,
admit,verb,A2,,,,
adult,adjective,A2,,,,
advanced,adjective,A2,,,,
advantage,noun,A2,,,,
aged,adjective,A2,,,,
agency,noun,A2,,,,
ahead,adverb,A2,,,,
air,noun,A2,,,,
alive,adjective,A2,,,,
allow,verb,A2,,,,
alone,adjective,A2,,,,
ancient,adjective,A2,,,,
anxious,adjective,A2,,,,
anyway,adverb,A2,,,,
apart,adverb,A2,,,,
apparently,adverb,A2,,,,
appear,verb,A2,,,,
appearance,noun,A2,,,,
apply,verb,A2,,,,
appointment,noun,A2,,,,
appreciate,verb,A2,,,,
area,noun,A2,,,,
argument,noun,A2,,,,
armed,adjective,A2,,,,
around,adverb,A2,,,,
artificial,adjective,A2,,,,
asleep,adjective,A2,,,,
attack,verb,A2,,,,
attention,noun,A2,,,,
attitude,noun,A2,,,,
attractive,adjective,A2,,,,
automatic,adjective,A2,,,,
average,adjective,A2,,,,
avoid,verb,A2,,,,
awful,adjective,A2,,,,
back,adjective,A2,,,,
background,noun,A2,,,,
badly,adverb,A2,,,,
bake,verb,A2,,,,
bank,verb,A2,,,,
bargain,noun,A2,,,,
base,noun,A2,,,,
basic,adjective,A2,,,,
bear,verb,A2,,,,
beg,verb,A2,,,,
beginning,noun,A2,,,,
belly,noun,A2,,,,
belong,verb,A2,,,,
bend,verb,A2,,,,
bill,noun,A2,,,,
bit,noun,A2,,,,
bite,noun,A2,,,,
blood,noun,A2,,,,
blow,noun,A2,,,,
boil,verb,A2,,,,
bored,adjective,A2,,,,
boss,noun,A2,,,,
bother,verb,A2,,,,
brave,adjective,A2,,,,
break,noun,A2,,,,
brilliant,adjective,A2,,,,
budget,noun,A2,,,,
call,verb,A2,,,,
capital,noun,A2,,,,
certain,adjective,A2,,,,
chain,noun,A2,,,,
challenge,noun,A2,,,,
chance,noun,A2,,,,
check,verb,A2,,,,
cheer,verb,A2,,,,
choice,noun,A2,,,,
claim,verb,A2,,,,
classic,adjective,A2,,,,
clear,adjective,A2,,,,
clearly,adverb,A2,,,,
click,verb,A2,,,,
climb,verb,A2,,,,
column,noun,A2,,,,
comfortable,adjective,A2,,,,
comic,adjective,A2,,,,
commitment,noun,A2,,,,
common,adjective,A2,,,,
communicate,verb,A2,,,,
communication,noun,A2,,,,
company,noun,A2,,,,
compare,verb,A2,,,,
competition,noun,A2,,,,
complain,verb,A2,,,,
complete,adjective,A2,,,,
concentrate,verb,A2,,,,
concern,noun,A2,,,,
condition,noun,A2,,,,
confident,adjective,A2,,,,
confuse,verb,A2,,,,
confused,adjective,A2,,,,
consequence,noun,A2,,,,
consider,verb,A2,,,,
consist,verb,A2,,,,
contact,noun,A2,,,,
contact,verb,A2,,,,
continue,verb,A2,,,,
control,noun,A2,,,,
convenience,noun,A2,,,,
copy,verb,A2,,,,
cost,noun,A2,,,,
cost,verb,A2,,,,
count,verb,A2,,,,
country,noun,A2,,,,
couple,noun,A2,,,,
cover,verb,A2,,,,
crazy,adjective,A2,,,,
create,verb,A2,,,,
creative,adjective,A2,,,,
credit,noun,A2,,,,
cross,noun,A2,,,,
cross,verb,A2,,,,
cry,verb,A2,,,,
dangerous,adjective,A2,,,,
dead,adjective,A2,,,,
deal,noun,A2,,,,
death,noun,A2,,,,
decide,verb,A2,,,,
deep,adverb,A2,,,,
deeply,adverb,A2,,,,
degree,noun,A2,,,,
destroy,verb,A2,,,,
detail,noun,A2,,,,
develop,verb,A2,,,,
developed,adjective,A2,,,,
die,verb,A2,,,,
difficulty,noun,A2,,,,
direct,adjective,A2,,,,
direction,noun,A2,,,,
discover,verb,A2,,,,
discussion,noun,A2,,,,
display,noun,A2,,,,
divide,verb,A2,,,,
dizzy,adjective,A2,,,,
double,adjective,A2,,,,
draw,noun,A2,,,,
dress,verb,A2,,,,
drive,verb,A2,,,,
drop,noun,A2,,,,
dry,verb,A2,,,,
dust,noun,A2,,,,
early,adjective,A2,,,,
earth,noun,A2,,,,
easily,adverb,A2,,,,
education,noun,A2,,,,
effect,noun,A2,,,,
effort,noun,A2,,,,
electric,adjective,A2,,,,
embarrassing,adjective,A2,,,,
empty,adjective,A2,,,,
end,verb,A2,,,,
ending,noun,A2,,,,
enter,verb,A2,,,,
envelope,noun,A2,,,,
error,noun,A2,,,,
escape,noun,A2,,,,
establish,verb,A2,,,,
ever,adverb,A2,,,,
evidence,noun,A2,,,,
exchange,noun,A2,,,,
expect,verb,A2,,,,
experience,noun,A2,,,,
explain,verb,A2,,,,
explanation,noun,A2,,,,
expression,noun,A2,,,,
extra,adjective,A2,,,,
extremely,adverb,A2,,,,
face,verb,A2,,,,
fact,noun,A2,,,,
fail,verb,A2,,,,
fairly,adverb,A2,,,,
fall,verb,A2,,,,
familiar,adjective,A2,,,,
fantastic,adjective,A2,,,,
fascinating,adjective,A2,,,,
fault,noun,A2,,,,
fear,noun,A2,,,,
feature,noun,A2,,,,
feel,noun,A2,,,,
female,adjective,A2,,,,
figure,noun,A2,,,,
figure,verb,A2,,,,
final,adjective,A2,,,,
fit,adjective,A2,,,,
fix,noun,A2,,,,
flight,noun,A2,,,,
follow,verb,A2,,,,
forbid,verb,A2,,,,
force,noun,A2,,,,
forever,adverb,A2,,,,
fortune,noun,A2,,,,
forward,adverb,A2,,,,
frank,adjective,A2,,,,
freeze,verb,A2,,,,
fresh,adjective,A2,,,,
front,noun,A2,,,,
fully,adverb,A2,,,,
gather,verb,A2,,,,
generation,noun,A2,,,,
gentle,adjective,A2,,,,
gold,noun,A2,,,,
golden,adjective,A2,,,,
grace,noun,A2,,,,
graduate,verb,A2,,,,
grateful,adjective,A2,,,,
greedy,adjective,A2,,,,
guard,noun,A2,,,,
hand,verb,A2,,,,
hardly,adverb,A2,,,,
head,verb,A2,,,,
heavily,adverb,A2,,,,
help,noun,A2,,,,
high,adverb,A2,,,,
hike,noun,A2,,,,
hit,verb,A2,,,,
hold,verb,A2,,,,
hug,verb,A2,,,,
ill,adjective,A2,,,,
image,noun,A2,,,,
imagination,noun,A2,,,,
impatient,adjective,A2,,,,
importance,noun,A2,,,,
impossible,adjective,A2,,,,
impress,verb,A2,,,,
improve,verb,A2,,,,
include,verb,A2,,,,
increase,verb,A2,,,,
indicate,verb,A2,,,,
indoor,adjective,A2,,,,
influence,noun,A2,,,,
inner,adjective,A2,,,,
inside,adverb,A2,,,,
instant,adjective,A2,,,,
instead,adverb,A2,,,,
intelligent,adjective,A2,,,,
interest,noun,A2,,,,
international,adjective,A2,,,,
invade,verb,A2,,,,
invite,verb,A2,,,,
issue,noun,A2,,,,
joke,noun,A2,,,,
junior,adjective,A2,,,,
kind,adjective,A2,,,,
kindly,adjective,A2,,,,
knock,noun,A2,,,,
land,verb,A2,,,,
lead,noun,A2,,,,
left,noun,A2,,,,
left-hand,adjective,A2,,,,
lend,verb,A2,,,,
level,noun,A2,,,,
lie,verb,A2,,,,
likely,adjective,A2,,,,
lively,adjective,A2,,,,
load,noun,A2,,,,
logical,adjective,A2,,,,
loose,adjective,A2,,,,
lost,adjective,A2,,,,
lot,noun,A2,,,,
low,adjective,A2,,,,
lyric,adjective,A2,,,,
mad,adjective,A2,,,,
major,adjective,A2,,,,
manage,verb,A2,,,,
manner,noun,A2,,,,
mark,noun,A2,,,,
mark,verb,A2,,,,
market,noun,A2,,,,
married,adjective,A2,,,,
material,noun,A2,,,,
mean,adjective,A2,,,,
meaning,noun,A2,,,,
member,noun,A2,,,,
mention,noun,A2,,,,
menu,noun,A2,,,,
middle,noun,A2,,,,
military,adjective,A2,,,,
mistake,noun,A2,,,,
mix,verb,A2,,,,
mobile,adjective,A2,,,,
model,noun,A2,,,,
modern,adjective,A2,,,,
most,adverb,A2,,,,
move,verb,A2,,,,
musical,adjective,A2,,,,
mysterious,adjective,A2,,,,
nation,noun,A2,,,,
national,adjective,A2,,,,
native,adjective,A2,,,,
natural,adjective,A2,,,,
nearly,adverb,A2,,,,
negative,adjective,A2,,,,
nervous,adjective,A2,,,,
net,adjective,A2,,,,
noisy,adjective,A2,,,,
normal,adjective,A2,,,,
notice,noun,A2,,,,
occupation,noun,A2,,,,
off,adverb,A2,,,,
offer,noun,A2,,,,
offer,verb,A2,,,,
official,adjective,A2,,,,
operate,verb,A2,,,,
opinion,noun,A2,,,,
oppose,verb,A2,,,,
opposite,adjective,A2,,,,
order,verb,A2,,,,
original,adjective,A2,,,,
over,adverb,A2,,,,
pacific,adjective,A2,,,,
pack,verb,A2,,,,
park,verb,A2,,,,
part,noun,A2,,,,
pass,noun,A2,,,,
pass,verb,A2,,,,
perfect,adjective,A2,,,,
perform,verb,A2,,,,
performance,noun,A2,,,,
physical,adjective,A2,,,,
pity,noun,A2,,,,
plant,noun,A2,,,,
plastic,adjective,A2,,,,
pleasant,adjective,A2,,,,
pleasing,adjective,A2,,,,
plenty,noun,A2,,,,
point,verb,A2,,,,
popular,adjective,A2,,,,
population,noun,A2,,,,
position,noun,A2,,,,
possible,adjective,A2,,,,
post,verb,A2,,,,
pour,verb,A2,,,,
power,noun,A2,,,,
powerful,adjective,A2,,,,
precise,adjective,A2,,,,
prepare,verb,A2,,,,
pressure,noun,A2,,,,
pretend,verb,A2,,,,
print,verb,A2,,,,
private,adjective,A2,,,,
probably,adverb,A2,,,,
produce,verb,A2,,,,
product,noun,A2,,,,
production,noun,A2,,,,
professional,adjective,A2,,,,
progressive,adjective,A2,,,,
pronunciation,noun,A2,,,,
proper,adjective,A2,,,,
provide,verb,A2,,,,
publish,verb,A2,,,,
pull,verb,A2,,,,
purple,adjective,A2,,,,
pursue,verb,A2,,,,
quality,noun,A2,,,,
quick,adjective,A2,,,,
quietly,adverb,A2,,,,
quite,adverb,A2,,,,
raise,verb,A2,,,,
range,noun,A2,,,,
rate,noun,A2,,,,
rather,adverb,A2,,,,
raw,adjective,A2,,,,
reach,verb,A2,,,,
receive,verb,A2,,,,
recent,adjective,A2,,,,
refer,verb,A2,,,,
reflect,verb,A2,,,,
regret,verb,A2,,,,
regular,adjective,A2,,,,
relax,verb,A2,,,,
release,noun,A2,,,,
remain,verb,A2,,,,
remote,adjective,A2,,,,
rent,verb,A2,,,,
repair,verb,A2,,,,
replace,verb,A2,,,,
report,noun,A2,,,,
represent,verb,A2,,,,
response,noun,A2,,,,
retire,verb,A2,,,,
return,noun,A2,,,,
return,verb,A2,,,,
reveal,verb,A2,,,,
right,noun,A2,,,,
right-hand,adjective,A2,,,,
ring,noun,A2,,,,
roast,verb,A2,,,,
rock,noun,A2,,,,
roll,noun,A2,,,,
romantic,adjective,A2,,,,
roughly,adverb,A2,,,,
royal,adjective,A2,,,,
ruin,verb,A2,,,,
rush,noun,A2,,,,
sadly,adverb,A2,,,,
safe,adjective,A2,,,,
sake,noun,A2,,,,
scale,noun,A2,,,,
scream,noun,A2,,,,
search,noun,A2,,,,
second,noun,A2,,,,
secret,noun,A2,,,,
seek,verb,A2,,,,
seem,verb,A2,,,,
senior,adjective,A2,,,,
sense,noun,A2,,,,
separate,adjective,A2,,,,
seriously,adverb,A2,,,,
serve,verb,A2,,,,
set,noun,A2,,,,
shade,noun,A2,,,,
shadow,noun,A2,,,,
shape,noun,A2,,,,
share,noun,A2,,,,
shine,verb,A2,,,,
shock,noun,A2,,,,
shoot,verb,A2,,,,
shot,noun,A2,,,,
shut,verb,A2,,,,
significant,adjective,A2,,,,
silence,noun,A2,,,,
silly,adjective,A2,,,,
silver,adjective,A2,,,,
simple,adjective,A2,,,,
simply,adverb,A2,,,,
single,adjective,A2,,,,
singular,adjective,A2,,,,
situation,noun,A2,,,,
slice,noun,A2,,,,
slide,noun,A2,,,,
slim,adjective,A2,,,,
smooth,adjective,A2,,,,
so,adverb,A2,,,,
society,noun,A2,,,,
soft,adjective,A2,,,,
solution,noun,A2,,,,
sound,noun,A2,,,,
sound,verb,A2,,,,
source,noun,A2,,,,
space,noun,A2,,,,
specific,adjective,A2,,,,
spell,verb,A2,,,,
spill,verb,A2,,,,
splash,verb,A2,,,,
split,adjective,A2,,,,
spread,noun,A2,,,,
square,adjective,A2,,,,
square,noun,A2,,,,
staff,noun,A2,,,,
stamp,noun,A2,,,,
stand,verb,A2,,,,
state,noun,A2,,,,
step,noun,A2,,,,
still,adverb,A2,,,,
stomach,noun,A2,,,,
straight,adjective,A2,,,,
strength,noun,A2,,,,
strike,noun,A2,,,,
string,noun,A2,,,,
structure,noun,A2,,,,
study,noun,A2,,,,
stuff,noun,A2,,,,
style,noun,A2,,,,
succeed,verb,A2,,,,
success,noun,A2,,,,
suit,noun,A2,,,,
suit,verb,A2,,,,
suitable,adjective,A2,,,,
superlative,noun,A2,,,,
support,noun,A2,,,,
surf,verb,A2,,,,
survive,verb,A2,,,,
swallow,verb,A2,,,,
system,noun,A2,,,,
tape,noun,A2,,,,
tear,noun,A2,,,,
text,noun,A2,,,,
thirsty,adjective,A2,,,,
thought,noun,A2,,,,
throw,verb,A2,,,,
tidy,adjective,A2,,,,
tie,noun,A2,,,,
tip,noun,A2,,,,
toast,noun,A2,,,,
tone,noun,A2,,,,
track,noun,A2,,,,
trade,noun,A2,,,,
traditional,adjective,A2,,,,
train,verb,A2,,,,
treasure,noun,A2,,,,
trick,noun,A2,,,,
trouble,noun,A2,,,,
truly,adverb,A2,,,,
trust,verb,A2,,,,
truth,noun,A2,,,,
try,verb,A2,,,,
uncertain,adjective,A2,,,,
uncomfortable,adjective,A2,,,,
understand,verb,A2,,,,
uneasy,adjective,A2,,,,
unhappy,adjective,A2,,,,
unhealthy,adjective,A2,,,,
uniform,adjective,A2,,,,
unit,noun,A2,,,,
unknown,adjective,A2,,,,
unusual,adjective,A2,,,,
up,adverb,A2,,,,
upset,adjective,A2,,,,
use,noun,A2,,,,
used,adjective,A2,,,,
usual,adjective,A2,,,,
value,noun,A2,,,,
view,noun,A2,,,,
violent,adjective,A2,,,,
voice,noun,A2,,,,
wander,verb,A2,,,,
wave,noun,A2,,,,
weak,adjective,A2,,,,
wealth,noun,A2,,,,
weigh,verb,A2,,,,
weight,noun,A2,,,,
well-known,adjective,A2,,,,
wet,adjective,A2,,,,
whole,adjective,A2,,,,
wide,adjective,A2,,,,
wide,adverb,A2,,,,
wild,adjective,A2,,,,
windy,adjective,A2,,,,
wise,adjective,A2,,,,
wish,verb,A2,,,,
wonder,verb,A2,,,,
wooden,adjective,A2,,,,
worried,adjective,A2,,,,
worry,verb,A2,,,,
worse,adjective,A2,,,,
writing,noun,A2,,,,
youth,noun,A2,,,,
about,adverb,A1,,,,
action,noun,A1,,,,
add,verb,A1,,,,
address,noun,A1,,,,
afraid,adjective,A1,,,,
age,noun,A1,,,,
agree,verb,A1,,,,
alone,adverb,A1,,,,
always,adverb,A1,,,,
angry,adjective,A1,,,,
answer,noun,A1,,,,
answer,verb,A1,,,,
arrive,verb,A1,,,,
ask,verb,A1,,,,
awake,adjective,A1,,,,
away,adverb,A1,,,,
baby,noun,A1,,,,
back,adverb,A1,,,,
back,noun,A1,,,,
bad,adjective,A1,,,,
bag,noun,A1,,,,
band,noun,A1,,,,
beautiful,adjective,A1,,,,
become,verb,A1,,,,
before,adverb,A1,,,,
begin,verb,A1,,,,
behind,adverb,A1,,,,
believe,verb,A1,,,,
best,adjective,A1,,,,
better,adjective,A1,,,,
big,adjective,A1,,,,
birth,noun,A1,,,,
black,adjective,A1,,,,
black,noun,A1,,,,
blank,adjective,A1,,,,
blow,verb,A1,,,,
blue,adjective,A1,,,,
blue,noun,A1,,,,
body,noun,A1,,,,
bottom,noun,A1,,,,
box,noun,A1,,,,
boy,noun,A1,,,,
break,verb,A1,,,,
breathe,verb,A1,,,,
bright,adjective,A1,,,,
bring,verb,A1,,,,
broken,adjective,A1,,,,
brother,noun,A1,,,,
brush,noun,A1,,,,
brush,verb,A1,,,,
build,verb,A1,,,,
business,noun,A1,,,,
busy,adjective,A1,,,,
button,noun,A1,,,,
buy,verb,A1,,,,
bye,noun,A1,,,,
call,noun,A1,,,,
card,noun,A1,,,,
care,noun,A1,,,,
careful,adjective,A1,,,,
carry,verb,A1,,,,
case,noun,A1,,,,
cat,noun,A1,,,,
catch,noun,A1,,,,
catch,verb,A1,,,,
celebrate,verb,A1,,,,
change,noun,A1,,,,
change,verb,A1,,,,
character,noun,A1,,,,
check,noun,A1,,,,
child,noun,A1,,,,
circle,noun,A1,,,,
class,noun,A1,,,,
clean,adjective,A1,,,,
clean,verb,A1,,,,
clever,adjective,A1,,,,
close,adjective,A1,,,,
close,verb,A1,,,,
closed,adjective,A1,,,,
cloud,noun,A1,,,,
cloudy,adjective,A1,,,,
club,noun,A1,,,,
cold,adjective,A1,,,,
cold,noun,A1,,,,
come,verb,A1,,,,
cook,verb,A1,,,,
cool,adjective,A1,,,,
copy,noun,A1,,,,
correct,adjective,A1,,,,
course,noun,A1,,,,
cover,noun,A1,,,,
cry,noun,A1,,,,
cup,noun,A1,,,,
cut,verb,A1,,,,
cute,adjective,A1,,,,
dance,verb,A1,,,,
dark,adjective,A1,,,,
date,noun,A1,,,,
day,noun,A1,,,,
dear,adjective,A1,,,,
difference,noun,A1,,,,
different,adjective,A1,,,,
difficult,adjective,A1,,,,
dig,noun,A1,,,,
dinner,noun,A1,,,,
dirty,adjective,A1,,,,
discuss,verb,A1,,,,
dish,noun,A1,,,,
dog,noun,A1,,,,
dollar,noun,A1,,,,
draw,verb,A1,,,,
dream,noun,A1,,,,
dress,noun,A1,,,,
drink,noun,A1,,,,
drink,verb,A1,,,,
drive,noun,A1,,,,
drop,verb,A1,,,,
dry,adjective,A1,,,,
due,adjective,A1,,,,
ear,noun,A1,,,,
early,adverb,A1,,,,
easy,adjective,A1,,,,
eat,verb,A1,,,,
elementary,adjective,A1,,,,
end,noun,A1,,,,
enjoy,verb,A1,,,,
evening,noun,A1,,,,
everyday,adjective,A1,,,,
example,noun,A1,,,,
exciting,adjective,A1,,,,
excuse,noun,A1,,,,
eye,noun,A1,,,,
face,noun,A1,,,,
fair,adjective,A1,,,,
false,adjective,A1,,,,
family,noun,A1,,,,
fast,adjective,A1,,,,
fat,adjective,A1,,,,
father,noun,A1,,,,
feel,verb,A1,,,,
feeling,noun,A1,,,,
fill,verb,A1,,,,
find,verb,A1,,,,
fine,adjective,A1,,,,
finish,noun,A1,,,,
finish,verb,A1,,,,
fire,noun,A1,,,,
first,adjective,A1,,,,
fish,noun,A1,,,,
fly,verb,A1,,,,
focus,verb,A1,,,,
following,adjective,A1,,,,
foreign,adjective,A1,,,,
form,noun,A1,,,,
free,adjective,A1,,,,
friend,noun,A1,,,,
full,adjective,A1,,,,
funny,adjective,A1,,,,
get,verb,A1,,,,
ghost,noun,A1,,,,
girl,noun,A1,,,,
girlfriend,noun,A1,,,,
give,verb,A1,,,,
glad,adjective,A1,,,,
go,verb,A1,,,,
gold,adjective,A1,,,,
good,adjective,A1,,,,
grade,noun,A1,,,,
great,adjective,A1,,,,
green,adjective,A1,,,,
grow,verb,A1,,,,
guess,verb,A1,,,,
habit,noun,A1,,,,
hair,noun,A1,,,,
hand,noun,A1,,,,
handsome,adjective,A1,,,,
happen,verb,A1,,,,
happy,adjective,A1,,,,
hard,adjective,A1,,,,
hard,adverb,A1,,,,
head,noun,A1,,,,
health,noun,A1,,,,
healthy,adjective,A1,,,,
hear,verb,A1,,,,
heart,noun,A1,,,,
heavy,adjective,A1,,,,
help,verb,A1,,,,
high,adjective,A1,,,,
history,noun,A1,,,,
hold,noun,A1,,,,
home,noun,A1,,,,
hope,noun,A1,,,,
hot,adjective,A1,,,,
hour,noun,A1,,,,
hungry,adjective,A1,,,,
hurt,verb,A1,,,,
ice,noun,A1,,,,
idea,noun,A1,,,,
important,adjective,A1,,,,
introduce,verb,A1,,,,
item,noun,A1,,,,
job,noun,A1,,,,
join,verb,A1,,,,
judge,verb,A1,,,,
juice,noun,A1,,,,
jump,verb,A1,,,,
just,adverb,A1,,,,
keep,verb,A1,,,,
kick,noun,A1,,,,
kick,verb,A1,,,,
kid,noun,A1,,,,
kill,verb,A1,,,,
know,verb,A1,,,,
lady,noun,A1,,,,
language,noun,A1,,,,
large,adjective,A1,,,,
late,adjective,A1,,,,
late,adverb,A1,,,,
later,adverb,A1,,,,
lazy,adjective,A1,,,,
learn,verb,A1,,,,
leave,verb,A1,,,,
left,adjective,A1,,,,
lesson,noun,A1,,,,
let,verb,A1,,,,
letter,noun,A1,,,,
life,noun,A1,,,,
light,adjective,A1,,,,
like,verb,A1,,,,
line,noun,A1,,,,
little,adjective,A1,,,,
live,verb,A1,,,,
living,adjective,A1,,,,
lonely,adjective,A1,,,,
long,adjective,A1,,,,
look,noun,A1,,,,
look,verb,A1,,,,
love,noun,A1,,,,
love,verb,A1,,,,
luck,noun,A1,,,,
lucky,adjective,A1,,,,
machine,noun,A1,,,,
mail,noun,A1,,,,
make,verb,A1,,,,
man,noun,A1,,,,
March,noun,A1,,,,
match,noun,A1,,,,
matter,noun,A1,,,,
mean,verb,A1,,,,
medicine,noun,A1,,,,
meet,verb,A1,,,,
meeting,noun,A1,,,,
memory,noun,A1,,,,
merry,adjective,A1,,,,
middle,adjective,A1,,,,
mind,noun,A1,,,,
minute,noun,A1,,,,
miss,verb,A1,,,,
moment,noun,A1,,,,
money,noun,A1,,,,
month,noun,A1,,,,
moon,noun,A1,,,,
morning,noun,A1,,,,
mother,noun,A1,,,,
mouth,noun,A1,,,,
move,noun,A1,,,,
much,adverb,A1,,,,
name,noun,A1,,,,
neck,noun,A1,,,,
new,adjective,A1,,,,
nice,adjective,A1,,,,
night,noun,A1,,,,
noise,noun,A1,,,,
nose,noun,A1,,,,
note,noun,A1,,,,
note,verb,A1,,,,
now,adverb,A1,,,,
number,noun,A1,,,,
off,adjective,A1,,,,
officer,noun,A1,,,,
old,adjective,A1,,,,
once,adverb,A1,,,,
only,adjective,A1,,,,
only,adverb,A1,,,,
open,adjective,A1,,,,
open,verb,A1,,,,
order,noun,A1,,,,
owner,noun,A1,,,,
paint,noun,A1,,,,
paint,verb,A1,,,,
pay,verb,A1,,,,
peace,noun,A1,,,,
pencil,noun,A1,,,,
people,noun,A1,,,,
period,noun,A1,,,,
person,noun,A1,,,,
personal,adjective,A1,,,,
phone,noun,A1,,,,
pick,verb,A1,,,,
piece,noun,A1,,,,
place,noun,A1,,,,
plan,noun,A1,,,,
plane,noun,A1,,,,
play,verb,A1,,,,
pleasure,noun,A1,,,,
point,noun,A1,,,,
poor,adjective,A1,,,,
practice,noun,A1,,,,
present,noun,A1,,,,
pretty,adjective,A1,,,,
price,noun,A1,,,,
problem,noun,A1,,,,
push,verb,A1,,,,
put,verb,A1,,,,
quarter,noun,A1,,,,
question,noun,A1,,,,
quiet,adjective,A1,,,,
read,verb,A1,,,,
ready,adjective,A1,,,,
real,adjective,A1,,,,
really,adverb,A1,,,,
reason,noun,A1,,,,
red,adjective,A1,,,,
remember,verb,A1,,,,
result,noun,A1,,,,
rich,adjective,A1,,,,
ride,verb,A1,,,,
right,adjective,A1,,,,
right,adverb,A1,,,,
ring,verb,A1,,,,
role,noun,A1,,,,
row,noun,A1,,,,
rude,adjective,A1,,,,
rule,noun,A1,,,,
run,verb,A1,,,,
sad,adjective,A1,,,,
sale,noun,A1,,,,
same,adjective,A1,,,,
save,verb,A1,,,,
say,verb,A1,,,,
science,noun,A1,,,,
section,noun,A1,,,,
see,verb,A1,,,,
sell,verb,A1,,,,
sentence,noun,A1,,,,
set,verb,A1,,,,
share,verb,A1,,,,
shopping,noun,A1,,,,
short,adjective,A1,,,,
short,adverb,A1,,,,
shoulder,noun,A1,,,,
show,verb,A1,,,,
shy,adjective,A1,,,,
sick,adjective,A1,,,,
side,noun,A1,,,,
sight,noun,A1,,,,
sign,noun,A1,,,,
sing,verb,A1,,,,
sister,noun,A1,,,,
sit,verb,A1,,,,
site,noun,A1,,,,
slow,adjective,A1,,,,
small,adjective,A1,,,,
smart,adjective,A1,,,,
smell,noun,A1,,,,
smoke,noun,A1,,,,
social,adjective,A1,,,,
solve,verb,A1,,,,
sorry,adjective,A1,,,,
special,adjective,A1,,,,
spell,noun,A1,,,,
spend,verb,A1,,,,
spot,noun,A1,,,,
spring,noun,A1,,,,
stand,noun,A1,,,,
start,noun,A1,,,,
start,verb,A1,,,,
stay,verb,A1,,,,
step,verb,A1,,,,
still,adjective,A1,,,,
stone,noun,A1,,,,
stop,noun,A1,,,,
stop,verb,A1,,,,
strange,adjective,A1,,,,
strict,adjective,A1,,,,
strong,adjective,A1,,,,
study,verb,A1,,,,
subject,noun,A1,,,,
suggestion,noun,A1,,,,
sum,noun,A1,,,,
summer,noun,A1,,,,
sun,noun,A1,,,,
super,adjective,A1,,,,
sure,adjective,A1,,,,
sweet,adjective,A1,,,,
swim,verb,A1,,,,
take,verb,A1,,,,
talk,verb,A1,,,,
tall,adjective,A1,,,,
tea,noun,A1,,,,
tell,verb,A1,,,,
terrible,adjective,A1,,,,
test,noun,A1,,,,
thick,adjective,A1,,,,
thin,adjective,A1,,,,
thing,noun,A1,,,,
think,verb,A1,,,,
throw,noun,A1,,,,
tight,adjective,A1,,,,
time,noun,A1,,,,
today,noun,A1,,,,
tomorrow,noun,A1,,,,
too,adverb,A1,,,,
top,noun,A1,,,,
topic,noun,A1,,,,
touch,noun,A1,,,,
train,noun,A1,,,,
travel,verb,A1,,,,
trip,noun,A1,,,,
true,adjective,A1,,,,
turn,noun,A1,,,,
turn,verb,A1,,,,
type,noun,A1,,,,
ugly,adjective,A1,,,,
umbrella,noun,A1,,,,
use,verb,A1,,,,
visit,noun,A1,,,,
visit,verb,A1,,,,
wait,verb,A1,,,,
wake,noun,A1,,,,
walk,verb,A1,,,,
want,verb,A1,,,,
warm,adjective,A1,,,,
wash,noun,A1,,,,
wash,verb,A1,,,,
watch,verb,A1,,,,
water,noun,A1,,,,
way,noun,A1,,,,
wear,verb,A1,,,,
week,noun,A1,,,,
well,adjective,A1,,,,
well,adverb,A1,,,,
white,adjective,A1,,,,
win,verb,A1,,,,
wind,noun,A1,,,,
wish,noun,A1,,,,
woman,noun,A1,,,,
word,noun,A1,,,,
work,noun,A1,,,,
work,verb,A1,,,,
worker,noun,A1,,,,
worry,noun,A1,,,,
wrong,adjective,A1,,,,
year,noun,A1,,,,
yellow,adjective,A1,,,,
yet,adverb,A1,,,,
young,adjective,A1,,,,
deliberation,noun,C2,,,,
integrity,noun,C2,,,,
address,verb,C1,,,,
analyze,verb,C1,,,,
apply,verb,C1,,,,
appreciate,verb,C1,,,,
assign,verb,C1,,,,
assume,verb,C1,,,,
attend,verb,C1,,,,
attract,verb,C1,,,,
communicate,verb,C1,,,,
conclude,verb,C1,,,,
confirm,verb,C1,,,,
connect,verb,C1,,,,
consider,verb,C1,,,,
control,verb,C1,,,,
coordinate,verb,C1,,,,
create,verb,C1,,,,
demonstrate,verb,C1,,,,
access,noun,C1,,,,
account,noun,C1,,,,
acquisition,noun,C1,,,,
activity,noun,C1,,,,
application,noun,C1,,,,
appreciation,noun,C1,,,,
approach,noun,C1,,,,
approval,noun,C1,,,,
assistance,noun,C1,,,,
assumption,noun,C1,,,,
attention,noun,C1,,,,
attitude,noun,C1,,,,
audience,noun,C1,,,,
authority,noun,C1,,,,
awareness,noun,C1,,,,
basis,noun,C1,,,,
budget,noun,C1,,,,
adequate,adjective,C1,,,,
capable,adjective,C1,,,,
comprehensive,adjective,C1,,,,
consistent,adjective,C1,,,,
critical,adjective,C1,,,,
diverse,adjective,C1,,,,
efficient,adjective,C1,,,,
ethical,adjective,C1,,,,
flexible,adjective,C1,,,,
fundamental,adjective,C1,,,,
innovative,adjective,C1,,,,
integrated,adjective,C1,,,,
logical,adjective,C1,,,,
objective,adjective,C1,,,,
rigorous,adjective,C1,,,,
significant,adjective,C1,,,,
substantial,adjective,C1,,,,
technical,adjective,C1,,,,
theoretical,adjective,C1,,,,
unique,adjective,C1,,,,
valid,adjective,C1,,,,
varied,adjective,C1,,,,
widespread,adjective,C1,,,,
abrupt,adjective,C2,,,,
ambiguous,adjective,C2,,,,
blatant,adjective,C2,,,,
coherent,adjective,C2,,,,
complimentary,adjective,C2,,,,
contingent,adjective,C2,,,,
deliberate,adjective,C2,,,,
discreet,adjective,C2,,,,
elusive,adjective,C2,,,,
equivocal,adjective,C2,,,,
erratic,adjective,C2,,,,
indispensable,adjective,C2,,,,
insidious,adjective,C2,,,,
irreverent,adjective,C2,,,,
honestly,adverb,C1,,,,
madly,adverb,C1,,,,
acutely,adverb,C2,,,,
consequently,adverb,C2,,,,
